{
  "generated_at": "2025-09-01 08:24:55",
  "demand": {
    "n_test": 652,
    "ml": {
      "MAE": 2.5493200143878605,
      "RMSE": 3.436356823293951,
      "WAPE": 0.2385,
      "sMAPE": 0.2695
    },
    "baseline_dow": {
      "MAE": 4.844648552775024,
      "RMSE": 6.092011628655028,
      "WAPE": 0.4533,
      "sMAPE": 0.5395
    },
    "baseline_lag7": {
      "MAE": 2.252191060473269,
      "RMSE": 2.856063556003856,
      "WAPE": 0.2107,
      "sMAPE": 0.274
    }
  },
  "tardiness": {
    "n_train": 18018,
    "n_test": 4505,
    "threshold_opt_f1": 0.2,
    "metrics_t05": {
      "positives_rate": 0.2921198668146504,
      "AUC": 0.5856101092185239,
      "AP": 0.35237783303572745,
      "Brier": 0.20671589827745585,
      "Acc": 0.7078801331853496,
      "BalancedAcc": 0.5,
      "Precision": 0.0,
      "Recall": 0.0,
      "F1": 0.0,
      "CM": [
        [
          3189,
          0
        ],
        [
          1316,
          0
        ]
      ]
    },
    "metrics_topt": {
      "positives_rate": 0.2921198668146504,
      "AUC": 0.5856101092185239,
      "AP": 0.35237783303572745,
      "Brier": 0.20671589827745585,
      "Acc": 0.534739178690344,
      "BalancedAcc": 0.5629193151610637,
      "Precision": 0.3401639344262295,
      "Recall": 0.6306990881458967,
      "F1": 0.44195953141640043,
      "CM": [
        [
          1579,
          1610
        ],
        [
          486,
          830
        ]
      ]
    }
  }
}